storeid,pre_name,city_name,brand,num
ysn_046733,北海道,札幌市,ysn,046733
ysn_046502,北海道,札幌市,ysn,046502
ysn_046507,北海道,札幌市,ysn,046507
ysn_046945,北海道,札幌市,ysn,046945
ysn_046947,北海道,札幌市,ysn,046947
ysn_046956,北海道,札幌市,ysn,046956
ysn_046943,北海道,札幌市,ysn,046943
ysn_046729,北海道,札幌市,ysn,046729
ysn_046721,北海道,札幌市,ysn,046721
ysn_046942,北海道,札幌市,ysn,046942
ysn_046949,北海道,札幌市,ysn,046949
ysn_046944,北海道,札幌市,ysn,046944
ysn_046503,北海道,札幌市,ysn,046503
ysn_046712,北海道,札幌市,ysn,046712
ysn_046948,北海道,函館市,ysn,046948
ysn_046725,北海道,旭川市,ysn,046725
ysn_046953,北海道,旭川市,ysn,046953
ysn_046727,北海道,帯広市,ysn,046727
ysn_046946,北海道,岩見沢市,ysn,046946
ysn_046743,北海道,苫小牧市,ysn,046743
ysn_046724,北海道,苫小牧市,ysn,046724
ysn_046730,北海道,千歳市,ysn,046730
ysn_046504,北海道,千歳市,ysn,046504
ysn_046736,北海道,釧路郡,ysn,046736
ysn_046803,青森県,青森市,ysn,046803
ysn_046805,青森県,青森市,ysn,046805
ysn_046965,青森県,弘前市,ysn,046965
ysn_046800,青森県,弘前市,ysn,046800
ysn_046931,青森県,八戸市,ysn,046931
ysn_046630,青森県,八戸市,ysn,046630
ysn_046802,青森県,五所川原市,ysn,046802
hnmr_046745,青森県,十和田市,hnmr,046745
ysn_046806,青森県,三沢市,ysn,046806
hnmr_046747,青森県,むつ市,hnmr,046747
ysn_046821,岩手県,盛岡市,ysn,046821
ysn_046819,岩手県,盛岡市,ysn,046819
ysn_046820,岩手県,盛岡市,ysn,046820
ysn_046964,岩手県,花巻市,ysn,046964
ysn_046917,岩手県,北上市,ysn,046917
ysn_046818,岩手県,一関市,ysn,046818
ysn_046929,岩手県,釜石市,ysn,046929
ysn_046817,岩手県,奥州市,ysn,046817
ysn_046627,宮城県,仙台市,ysn,046627
ysn_046921,宮城県,仙台市,ysn,046921
ysn_046828,宮城県,仙台市,ysn,046828
ysn_046829,宮城県,仙台市,ysn,046829
ysn_046825,宮城県,仙台市,ysn,046825
ysn_046831,宮城県,仙台市,ysn,046831
ysn_046613,宮城県,仙台市,ysn,046613
ysn_046611,宮城県,仙台市,ysn,046611
ysn_046838,宮城県,仙台市,ysn,046838
ysn_046960,宮城県,仙台市,ysn,046960
ysn_046625,宮城県,仙台市,ysn,046625
ysn_046837,宮城県,仙台市,ysn,046837
ysn_046835,宮城県,仙台市,ysn,046835
ysn_046832,宮城県,仙台市,ysn,046832
ysn_046841,宮城県,仙台市,ysn,046841
ysn_046833,宮城県,仙台市,ysn,046833
ysn_046834,宮城県,仙台市,ysn,046834
ysn_046961,宮城県,仙台市,ysn,046961
ysn_046621,宮城県,仙台市,ysn,046621
ysn_046827,宮城県,仙台市,ysn,046827
ysn_046826,宮城県,仙台市,ysn,046826
ysn_046631,宮城県,石巻市,ysn,046631
ysn_046926,宮城県,石巻市,ysn,046926
ysn_046824,宮城県,塩竈市,ysn,046824
ysn_046914,宮城県,気仙沼市,ysn,046914
ysn_046814,宮城県,気仙沼市,ysn,046814
ysn_046840,宮城県,白石市,ysn,046840
ysn_046632,宮城県,名取市,ysn,046632
ysn_046842,宮城県,名取市,ysn,046842
ysn_046951,宮城県,多賀城市,ysn,046951
ysn_046626,宮城県,岩沼市,ysn,046626
ysn_046815,宮城県,登米市,ysn,046815
ysn_046959,宮城県,大崎市,ysn,046959
ysn_046822,宮城県,大崎市,ysn,046822
ysn_046823,宮城県,富谷市,ysn,046823
ysn_046839,宮城県,柴田郡,ysn,046839
ysn_046836,宮城県,宮城郡,ysn,046836
ysn_046612,宮城県,黒川郡,ysn,046612
ysn_046938,秋田県,秋田市,ysn,046938
ysn_046963,秋田県,秋田市,ysn,046963
ysn_046939,秋田県,秋田市,ysn,046939
ysn_046807,秋田県,秋田市,ysn,046807
ysn_046812,秋田県,秋田市,ysn,046812
ysn_046810,秋田県,能代市,ysn,046810
ysn_046811,秋田県,横手市,ysn,046811
ysn_046911,秋田県,大館市,ysn,046911
ysn_046813,秋田県,由利本荘市,ysn,046813
ysn_046848,山形県,山形市,ysn,046848
ysn_046962,山形県,山形市,ysn,046962
ysn_046849,山形県,米沢市,ysn,046849
ysn_046809,山形県,鶴岡市,ysn,046809
ysn_046919,山形県,酒田市,ysn,046919
hnmr_046634,山形県,天童市,hnmr,046634
ysn_046846,福島県,福島市,ysn,046846
ysn_046845,福島県,福島市,ysn,046845
ysn_046629,福島県,福島市,ysn,046629
ysn_046843,福島県,福島市,ysn,046843
ysn_046851,福島県,会津若松市,ysn,046851
ysn_046855,福島県,会津若松市,ysn,046855
ysn_046854,福島県,郡山市,ysn,046854
ysn_046850,福島県,郡山市,ysn,046850
ysn_046958,福島県,郡山市,ysn,046958
ysn_046904,福島県,いわき市,ysn,046904
ysn_046903,福島県,いわき市,ysn,046903
ysn_046853,福島県,須賀川市,ysn,046853
ysn_046847,福島県,相馬市,ysn,046847
ysn_046844,福島県,伊達市,ysn,046844
ysn_046852,福島県,本宮市,ysn,046852
ysn_046633,福島県,西白河郡,ysn,046633
ysn_046901,茨城県,水戸市,ysn,046901
ysn_046916,茨城県,水戸市,ysn,046916
ysn_046902,茨城県,水戸市,ysn,046902
ysn_046933,茨城県,水戸市,ysn,046933
ysn_046934,茨城県,水戸市,ysn,046934
ysn_046909,茨城県,日立市,ysn,046909
ysn_046906,茨城県,日立市,ysn,046906
ysn_046910,茨城県,日立市,ysn,046910
ysn_046895,茨城県,土浦市,ysn,046895
ysn_046883,茨城県,古河市,ysn,046883
ysn_046899,茨城県,石岡市,ysn,046899
ysn_046893,茨城県,結城市,ysn,046893
hnmr_049894,茨城県,常陸太田市,hnmr,049894
ysn_046932,茨城県,笠間市,ysn,046932
ysn_046936,茨城県,牛久市,ysn,046936
ysn_046897,茨城県,つくば市,ysn,046897
ysn_046954,茨城県,つくば市,ysn,046954
ysn_046900,茨城県,つくば市,ysn,046900
ysn_046915,茨城県,ひたちなか市,ysn,046915
ysn_046905,茨城県,ひたちなか市,ysn,046905
ysn_046908,茨城県,鹿嶋市,ysn,046908
ysn_046891,茨城県,守谷市,ysn,046891
ysn_046892,茨城県,守谷市,ysn,046892
ysn_046935,茨城県,那珂市,ysn,046935
ysn_046890,茨城県,筑西市,ysn,046890
ysn_046907,茨城県,神栖市,ysn,046907
ysn_046889,茨城県,つくばみらい市,ysn,046889
ysn_046896,茨城県,稲敷郡,ysn,046896
ysn_046920,栃木県,宇都宮市,ysn,046920
ysn_046882,栃木県,宇都宮市,ysn,046882
ysn_046968,栃木県,宇都宮市,ysn,046968
ysn_046950,栃木県,宇都宮市,ysn,046950
ysn_046969,栃木県,宇都宮市,ysn,046969
ysn_046887,栃木県,宇都宮市,ysn,046887
ysn_046940,栃木県,宇都宮市,ysn,046940
ysn_046880,栃木県,宇都宮市,ysn,046880
ysn_046876,栃木県,足利市,ysn,046876
ysn_046966,栃木県,栃木市,ysn,046966
ysn_046877,栃木県,佐野市,ysn,046877
ysn_046871,栃木県,佐野市,ysn,046871
ysn_046885,栃木県,鹿沼市,ysn,046885
ysn_046912,栃木県,小山市,ysn,046912
ysn_046894,栃木県,小山市,ysn,046894
ysn_046924,栃木県,大田原市,ysn,046924
ysn_046881,栃木県,矢板市,ysn,046881
ysn_046886,栃木県,河内郡,ysn,046886
ysn_046967,栃木県,河内郡,ysn,046967
ysn_046865,群馬県,前橋市,ysn,046865
ysn_046923,群馬県,前橋市,ysn,046923
ysn_046913,群馬県,前橋市,ysn,046913
ysn_046864,群馬県,高崎市,ysn,046864
ysn_046866,群馬県,高崎市,ysn,046866
ysn_046868,群馬県,高崎市,ysn,046868
ysn_046971,群馬県,高崎市,ysn,046971
ysn_046918,群馬県,高崎市,ysn,046918
ysn_046970,群馬県,伊勢崎市,ysn,046970
ysn_046873,群馬県,太田市,ysn,046873
ysn_046874,群馬県,太田市,ysn,046874
ysn_046884,群馬県,館林市,ysn,046884
ysn_046867,群馬県,渋川市,ysn,046867
ysn_046955,群馬県,みどり市,ysn,046955
ysn_046870,群馬県,佐波郡,ysn,046870
ysn_046875,群馬県,邑楽郡,ysn,046875
ysn_049408,埼玉県,さいたま市,ysn,049408
ysn_049349,埼玉県,さいたま市,ysn,049349
ysn_049561,埼玉県,さいたま市,ysn,049561
ysn_049506,埼玉県,さいたま市,ysn,049506
ysn_049545,埼玉県,さいたま市,ysn,049545
ysn_049563,埼玉県,さいたま市,ysn,049563
ysn_049376,埼玉県,さいたま市,ysn,049376
ysn_049387,埼玉県,さいたま市,ysn,049387
ysn_049411,埼玉県,さいたま市,ysn,049411
ysn_049474,埼玉県,さいたま市,ysn,049474
ysn_049419,埼玉県,さいたま市,ysn,049419
ysn_049463,埼玉県,さいたま市,ysn,049463
ysn_049418,埼玉県,さいたま市,ysn,049418
ysn_049548,埼玉県,さいたま市,ysn,049548
ysn_049460,埼玉県,さいたま市,ysn,049460
ysn_049433,埼玉県,さいたま市,ysn,049433
ysn_049409,埼玉県,さいたま市,ysn,049409
ysn_049530,埼玉県,川越市,ysn,049530
ysn_049557,埼玉県,川越市,ysn,049557
ysn_049565,埼玉県,川越市,ysn,049565
ysn_049478,埼玉県,川越市,ysn,049478
ysn_049500,埼玉県,熊谷市,ysn,049500
ysn_049395,埼玉県,熊谷市,ysn,049395
ysn_049501,埼玉県,熊谷市,ysn,049501
ysn_049891,埼玉県,川口市,ysn,049891
ysn_049552,埼玉県,川口市,ysn,049552
ysn_049512,埼玉県,川口市,ysn,049512
ysn_049491,埼玉県,川口市,ysn,049491
ysn_049358,埼玉県,川口市,ysn,049358
ysn_049513,埼玉県,川口市,ysn,049513
ysn_049541,埼玉県,川口市,ysn,049541
ysn_049554,埼玉県,川口市,ysn,049554
ysn_049562,埼玉県,行田市,ysn,049562
ysn_049432,埼玉県,秩父市,ysn,049432
ysn_049338,埼玉県,所沢市,ysn,049338
ysn_049505,埼玉県,所沢市,ysn,049505
ysn_049448,埼玉県,所沢市,ysn,049448
ysn_049469,埼玉県,飯能市,ysn,049469
ysn_049564,埼玉県,本庄市,ysn,049564
ysn_049518,埼玉県,東松山市,ysn,049518
ysn_049555,埼玉県,春日部市,ysn,049555
ysn_049427,埼玉県,春日部市,ysn,049427
ysn_049361,埼玉県,春日部市,ysn,049361
ysn_049466,埼玉県,狭山市,ysn,049466
ysn_049550,埼玉県,羽生市,ysn,049550
ysn_049373,埼玉県,鴻巣市,ysn,049373
ysn_049471,埼玉県,深谷市,ysn,049471
ysn_049464,埼玉県,深谷市,ysn,049464
ysn_049352,埼玉県,上尾市,ysn,049352
ysn_049437,埼玉県,上尾市,ysn,049437
ysn_049558,埼玉県,草加市,ysn,049558
ysn_049465,埼玉県,草加市,ysn,049465
ysn_049547,埼玉県,草加市,ysn,049547
ysn_049553,埼玉県,草加市,ysn,049553
ysn_049436,埼玉県,越谷市,ysn,049436
ysn_049485,埼玉県,越谷市,ysn,049485
ysn_049499,埼玉県,越谷市,ysn,049499
ysn_049479,埼玉県,越谷市,ysn,049479
ysn_049369,埼玉県,越谷市,ysn,049369
ysn_049477,埼玉県,蕨市,ysn,049477
ysn_049549,埼玉県,戸田市,ysn,049549
ysn_049551,埼玉県,戸田市,ysn,049551
ysn_049881,埼玉県,戸田市,ysn,049881
ysn_049515,埼玉県,戸田市,ysn,049515
ysn_049354,埼玉県,戸田市,ysn,049354
ysn_049560,埼玉県,入間市,ysn,049560
ysn_049559,埼玉県,朝霞市,ysn,049559
ysn_049481,埼玉県,朝霞市,ysn,049481
ysn_049416,埼玉県,和光市,ysn,049416
ysn_049452,埼玉県,新座市,ysn,049452
ysn_049543,埼玉県,新座市,ysn,049543
ysn_061151,埼玉県,桶川市,ysn,061151
ysn_049424,埼玉県,久喜市,ysn,049424
ysn_049378,埼玉県,久喜市,ysn,049378
ysn_049480,埼玉県,久喜市,ysn,049480
ysn_049514,埼玉県,八潮市,ysn,049514
ysn_049556,埼玉県,富士見市,ysn,049556
ysn_049521,埼玉県,三郷市,ysn,049521
ysn_049546,埼玉県,三郷市,ysn,049546
ysn_049364,埼玉県,蓮田市,ysn,049364
ysn_049482,埼玉県,蓮田市,ysn,049482
ysn_049544,埼玉県,幸手市,ysn,049544
ysn_049542,埼玉県,鶴ヶ島市,ysn,049542
ysn_048427,千葉県,千葉市,ysn,048427
ysn_048437,千葉県,千葉市,ysn,048437
ysn_048389,千葉県,千葉市,ysn,048389
ysn_048414,千葉県,千葉市,ysn,048414
ysn_048411,千葉県,千葉市,ysn,048411
ysn_048406,千葉県,千葉市,ysn,048406
ysn_048374,千葉県,千葉市,ysn,048374
ysn_048418,千葉県,千葉市,ysn,048418
ysn_048454,千葉県,千葉市,ysn,048454
ysn_048391,千葉県,千葉市,ysn,048391
ysn_048439,千葉県,千葉市,ysn,048439
ysn_048449,千葉県,市川市,ysn,048449
ysn_048417,千葉県,市川市,ysn,048417
ysn_048448,千葉県,市川市,ysn,048448
ysn_048402,千葉県,市川市,ysn,048402
ysn_048405,千葉県,市川市,ysn,048405
ysn_048434,千葉県,市川市,ysn,048434
ysn_048421,千葉県,船橋市,ysn,048421
ysn_048429,千葉県,船橋市,ysn,048429
ysn_048401,千葉県,船橋市,ysn,048401
ysn_048447,千葉県,船橋市,ysn,048447
ysn_048436,千葉県,船橋市,ysn,048436
ysn_048435,千葉県,船橋市,ysn,048435
ysn_048879,千葉県,木更津市,ysn,048879
ysn_048441,千葉県,木更津市,ysn,048441
ysn_048425,千葉県,松戸市,ysn,048425
ysn_048422,千葉県,松戸市,ysn,048422
ysn_048395,千葉県,松戸市,ysn,048395
ysn_048443,千葉県,松戸市,ysn,048443
ysn_048353,千葉県,松戸市,ysn,048353
ysn_048444,千葉県,松戸市,ysn,048444
ysn_048385,千葉県,野田市,ysn,048385
ysn_048382,千葉県,野田市,ysn,048382
ysn_048452,千葉県,茂原市,ysn,048452
ysn_048407,千葉県,成田市,ysn,048407
ysn_048451,千葉県,成田市,ysn,048451
ysn_048450,千葉県,成田市,ysn,048450
ysn_048426,千葉県,佐倉市,ysn,048426
ysn_048455,千葉県,佐倉市,ysn,048455
ysn_048387,千葉県,東金市,ysn,048387
ysn_048424,千葉県,習志野市,ysn,048424
ysn_048408,千葉県,柏市,ysn,048408
ysn_048400,千葉県,柏市,ysn,048400
ysn_048393,千葉県,柏市,ysn,048393
ysn_048380,千葉県,柏市,ysn,048380
ysn_048432,千葉県,市原市,ysn,048432
ysn_048372,千葉県,市原市,ysn,048372
ysn_048390,千葉県,流山市,ysn,048390
ysn_048446,千葉県,流山市,ysn,048446
ysn_048410,千葉県,八千代市,ysn,048410
ysn_048404,千葉県,八千代市,ysn,048404
ysn_048453,千葉県,八千代市,ysn,048453
ysn_048388,千葉県,我孫子市,ysn,048388
ysn_048442,千葉県,鎌ケ谷市,ysn,048442
ysn_048440,千葉県,浦安市,ysn,048440
ysn_048386,千葉県,袖ケ浦市,ysn,048386
ysn_048445,千葉県,印西市,ysn,048445
ysn_048433,千葉県,富里市,ysn,048433
ysn_061321,東京都,千代田区,ysn,061321
ysn_061319,東京都,千代田区,ysn,061319
ysn_061457,東京都,千代田区,ysn,061457
ysn_041322,東京都,千代田区,ysn,041322
ysn_061349,東京都,千代田区,ysn,061349
ysn_061453,東京都,千代田区,ysn,061453
ysn_041492,東京都,千代田区,ysn,041492
ysn_061343,東京都,千代田区,ysn,061343
ysn_041351,東京都,千代田区,ysn,041351
ysn_041434,東京都,千代田区,ysn,041434
ysn_041462,東京都,千代田区,ysn,041462
ysn_061397,東京都,中央区,ysn,061397
ysn_041416,東京都,中央区,ysn,041416
ysn_061465,東京都,中央区,ysn,061465
ysn_061363,東京都,中央区,ysn,061363
ysn_061338,東京都,中央区,ysn,061338
ysn_041319,東京都,中央区,ysn,041319
ysn_041477,東京都,中央区,ysn,041477
ysn_061444,東京都,中央区,ysn,061444
ysn_061407,東京都,中央区,ysn,061407
ysn_041470,東京都,中央区,ysn,041470
ysn_061440,東京都,中央区,ysn,061440
ysn_061431,東京都,中央区,ysn,061431
ysn_041458,東京都,中央区,ysn,041458
ysn_041435,東京都,中央区,ysn,041435
ysn_041401,東京都,港区,ysn,041401
ysn_061329,東京都,港区,ysn,061329
ysn_061348,東京都,港区,ysn,061348
ysn_041418,東京都,港区,ysn,041418
ysn_041475,東京都,港区,ysn,041475
ysn_041488,東京都,港区,ysn,041488
ysn_061371,東京都,港区,ysn,061371
ysn_061336,東京都,港区,ysn,061336
ysn_061317,東京都,港区,ysn,061317
ysn_041478,東京都,港区,ysn,041478
ysn_041493,東京都,港区,ysn,041493
ysn_061341,東京都,港区,ysn,061341
ysn_061458,東京都,港区,ysn,061458
ysn_061337,東京都,新宿区,ysn,061337
ysn_041323,東京都,新宿区,ysn,041323
ysn_061409,東京都,新宿区,ysn,061409
ysn_061403,東京都,新宿区,ysn,061403
ysn_061415,東京都,新宿区,ysn,061415
ysn_061339,東京都,新宿区,ysn,061339
ysn_061366,東京都,新宿区,ysn,061366
ysn_061454,東京都,新宿区,ysn,061454
ysn_061464,東京都,新宿区,ysn,061464
ysn_041467,東京都,新宿区,ysn,041467
ysn_061459,東京都,文京区,ysn,061459
ysn_061441,東京都,文京区,ysn,061441
ysn_061358,東京都,台東区,ysn,061358
ysn_041399,東京都,台東区,ysn,041399
ysn_061438,東京都,台東区,ysn,061438
ysn_061340,東京都,台東区,ysn,061340
ysn_041426,東京都,台東区,ysn,041426
ysn_061356,東京都,台東区,ysn,061356
ysn_061362,東京都,台東区,ysn,061362
ysn_061324,東京都,台東区,ysn,061324
ysn_061446,東京都,台東区,ysn,061446
ysn_061420,東京都,墨田区,ysn,061420
ysn_061419,東京都,墨田区,ysn,061419
ysn_041345,東京都,墨田区,ysn,041345
ysn_061421,東京都,墨田区,ysn,061421
ysn_061434,東京都,墨田区,ysn,061434
ysn_041466,東京都,墨田区,ysn,041466
ysn_061378,東京都,江東区,ysn,061378
ysn_041362,東京都,江東区,ysn,041362
ysn_041420,東京都,江東区,ysn,041420
ysn_061433,東京都,江東区,ysn,061433
ysn_061428,東京都,江東区,ysn,061428
ysn_061370,東京都,江東区,ysn,061370
ysn_041391,東京都,江東区,ysn,041391
ysn_061452,東京都,江東区,ysn,061452
ysn_061427,東京都,江東区,ysn,061427
ysn_061414,東京都,江東区,ysn,061414
ysn_041317,東京都,品川区,ysn,041317
ysn_061312,東京都,品川区,ysn,061312
ysn_061395,東京都,品川区,ysn,061395
ysn_041498,東京都,品川区,ysn,041498
ysn_041437,東京都,品川区,ysn,041437
ysn_041441,東京都,目黒区,ysn,041441
ysn_061396,東京都,目黒区,ysn,061396
ysn_061404,東京都,目黒区,ysn,061404
ysn_061460,東京都,大田区,ysn,061460
ysn_041316,東京都,大田区,ysn,041316
ysn_061385,東京都,大田区,ysn,061385
ysn_041908,東京都,大田区,ysn,041908
ysn_041907,東京都,大田区,ysn,041907
ysn_061448,東京都,大田区,ysn,061448
ysn_041318,東京都,大田区,ysn,041318
ysn_041348,東京都,大田区,ysn,041348
ysn_061416,東京都,大田区,ysn,061416
ysn_041423,東京都,世田谷区,ysn,041423
ysn_061354,東京都,世田谷区,ysn,061354
ysn_061424,東京都,世田谷区,ysn,061424
ysn_061323,東京都,世田谷区,ysn,061323
ysn_041472,東京都,世田谷区,ysn,041472
ysn_061328,東京都,渋谷区,ysn,061328
ysn_041327,東京都,渋谷区,ysn,041327
ysn_041402,東京都,渋谷区,ysn,041402
ysn_041397,東京都,渋谷区,ysn,041397
ysn_061462,東京都,渋谷区,ysn,061462
ysn_061418,東京都,渋谷区,ysn,061418
ysn_041393,東京都,中野区,ysn,041393
ysn_041482,東京都,中野区,ysn,041482
ysn_041457,東京都,杉並区,ysn,041457
ysn_061382,東京都,杉並区,ysn,061382
ysn_061393,東京都,杉並区,ysn,061393
ysn_041483,東京都,杉並区,ysn,041483
ysn_061398,東京都,杉並区,ysn,061398
ysn_061422,東京都,豊島区,ysn,061422
ysn_041836,東京都,豊島区,ysn,041836
ysn_061455,東京都,豊島区,ysn,061455
ysn_061417,東京都,豊島区,ysn,061417
ysn_061451,東京都,豊島区,ysn,061451
ysn_041448,東京都,豊島区,ysn,041448
ysn_041331,東京都,北区,ysn,041331
ysn_041394,東京都,北区,ysn,041394
ysn_041333,東京都,北区,ysn,041333
ysn_061412,東京都,北区,ysn,061412
ysn_061461,東京都,荒川区,ysn,061461
ysn_061318,東京都,板橋区,ysn,061318
ysn_041398,東京都,板橋区,ysn,041398
ysn_041446,東京都,板橋区,ysn,041446
ysn_041487,東京都,練馬区,ysn,041487
ysn_061361,東京都,練馬区,ysn,061361
ysn_061335,東京都,練馬区,ysn,061335
ysn_041417,東京都,練馬区,ysn,041417
ysn_041491,東京都,練馬区,ysn,041491
ysn_061325,東京都,足立区,ysn,061325
ysn_061436,東京都,足立区,ysn,061436
ysn_061466,東京都,足立区,ysn,061466
ysn_061443,東京都,足立区,ysn,061443
ysn_061333,東京都,足立区,ysn,061333
ysn_061320,東京都,足立区,ysn,061320
ysn_041874,東京都,足立区,ysn,041874
ysn_061346,東京都,足立区,ysn,061346
ysn_041485,東京都,足立区,ysn,041485
ysn_061463,東京都,足立区,ysn,061463
ysn_061311,東京都,足立区,ysn,061311
ysn_041357,東京都,葛飾区,ysn,041357
ysn_041497,東京都,葛飾区,ysn,041497
ysn_061357,東京都,葛飾区,ysn,061357
ysn_061345,東京都,葛飾区,ysn,061345
ysn_061380,東京都,葛飾区,ysn,061380
ysn_061449,東京都,江戸川区,ysn,061449
ysn_041499,東京都,江戸川区,ysn,041499
ysn_061413,東京都,江戸川区,ysn,061413
ysn_061342,東京都,江戸川区,ysn,061342
ysn_041388,東京都,江戸川区,ysn,041388
ysn_041440,東京都,江戸川区,ysn,041440
ysn_061383,東京都,江戸川区,ysn,061383
ysn_041461,東京都,江戸川区,ysn,041461
ysn_061410,東京都,江戸川区,ysn,061410
ysn_061374,東京都,江戸川区,ysn,061374
ysn_061368,東京都,江戸川区,ysn,061368
ysn_061408,東京都,八王子市,ysn,061408
ysn_041905,東京都,八王子市,ysn,041905
ysn_041895,東京都,八王子市,ysn,041895
ysn_047401,東京都,八王子市,ysn,047401
ysn_041480,東京都,八王子市,ysn,041480
ysn_061316,東京都,八王子市,ysn,061316
ysn_041903,東京都,八王子市,ysn,041903
ysn_041465,東京都,立川市,ysn,041465
ysn_061426,東京都,立川市,ysn,061426
ysn_041442,東京都,武蔵野市,ysn,041442
ysn_061376,東京都,三鷹市,ysn,061376
ysn_041906,東京都,青梅市,ysn,041906
ysn_041408,東京都,府中市,ysn,041408
ysn_041879,東京都,府中市,ysn,041879
ysn_061450,東京都,府中市,ysn,061450
ysn_061375,東京都,昭島市,ysn,061375
ysn_041490,東京都,昭島市,ysn,041490
ysn_041436,東京都,調布市,ysn,041436
ysn_041370,東京都,町田市,ysn,041370
ysn_041496,東京都,町田市,ysn,041496
ysn_061384,東京都,町田市,ysn,061384
ysn_061367,東京都,町田市,ysn,061367
ysn_041447,東京都,町田市,ysn,041447
ysn_061391,東京都,町田市,ysn,061391
ysn_061372,東京都,小金井市,ysn,061372
ysn_061387,東京都,小金井市,ysn,061387
ysn_061437,東京都,小金井市,ysn,061437
ysn_041479,東京都,国分寺市,ysn,041479
ysn_061355,東京都,国分寺市,ysn,061355
ysn_041484,東京都,国立市,ysn,041484
ysn_041456,東京都,国立市,ysn,041456
ysn_061369,東京都,福生市,ysn,061369
ysn_061322,東京都,東大和市,ysn,061322
ysn_061442,東京都,東久留米市,ysn,061442
ysn_061381,東京都,東久留米市,ysn,061381
ysn_041368,東京都,武蔵村山市,ysn,041368
ysn_041383,東京都,多摩市,ysn,041383
ysn_061351,東京都,多摩市,ysn,061351
ysn_041473,東京都,多摩市,ysn,041473
ysn_041489,東京都,稲城市,ysn,041489
ysn_047451,神奈川県,横浜市,ysn,047451
ysn_047442,神奈川県,横浜市,ysn,047442
ysn_047359,神奈川県,横浜市,ysn,047359
ysn_047898,神奈川県,横浜市,ysn,047898
ysn_047420,神奈川県,横浜市,ysn,047420
ysn_047409,神奈川県,横浜市,ysn,047409
ysn_047498,神奈川県,横浜市,ysn,047498
ysn_047489,神奈川県,横浜市,ysn,047489
ysn_047468,神奈川県,横浜市,ysn,047468
ysn_047482,神奈川県,横浜市,ysn,047482
ysn_047402,神奈川県,横浜市,ysn,047402
ysn_047446,神奈川県,横浜市,ysn,047446
ysn_047406,神奈川県,横浜市,ysn,047406
ysn_047443,神奈川県,横浜市,ysn,047443
ysn_047403,神奈川県,横浜市,ysn,047403
ysn_047473,神奈川県,横浜市,ysn,047473
ysn_047407,神奈川県,横浜市,ysn,047407
ysn_047480,神奈川県,横浜市,ysn,047480
ysn_047484,神奈川県,横浜市,ysn,047484
ysn_047472,神奈川県,横浜市,ysn,047472
ysn_047417,神奈川県,横浜市,ysn,047417
ysn_047405,神奈川県,横浜市,ysn,047405
ysn_047437,神奈川県,横浜市,ysn,047437
ysn_047469,神奈川県,横浜市,ysn,047469
ysn_047493,神奈川県,横浜市,ysn,047493
ysn_047413,神奈川県,横浜市,ysn,047413
ysn_047404,神奈川県,横浜市,ysn,047404
ysn_083011,神奈川県,横浜市,ysn,083011
ysn_047485,神奈川県,横浜市,ysn,047485
ysn_047463,神奈川県,横浜市,ysn,047463
ysn_047428,神奈川県,川崎市,ysn,047428
ysn_047464,神奈川県,川崎市,ysn,047464
ysn_047483,神奈川県,川崎市,ysn,047483
ysn_047436,神奈川県,川崎市,ysn,047436
ysn_047490,神奈川県,川崎市,ysn,047490
ysn_047448,神奈川県,川崎市,ysn,047448
ysn_047462,神奈川県,川崎市,ysn,047462
ysn_047455,神奈川県,川崎市,ysn,047455
ysn_047425,神奈川県,川崎市,ysn,047425
ysn_047408,神奈川県,川崎市,ysn,047408
ysn_047478,神奈川県,川崎市,ysn,047478
ysn_047471,神奈川県,川崎市,ysn,047471
ysn_047467,神奈川県,川崎市,ysn,047467
ysn_047896,神奈川県,川崎市,ysn,047896
ysn_047459,神奈川県,川崎市,ysn,047459
ysn_047886,神奈川県,相模原市,ysn,047886
ysn_047897,神奈川県,相模原市,ysn,047897
ysn_047500,神奈川県,相模原市,ysn,047500
ysn_047890,神奈川県,相模原市,ysn,047890
ysn_047879,神奈川県,相模原市,ysn,047879
ysn_047416,神奈川県,相模原市,ysn,047416
ysn_047465,神奈川県,相模原市,ysn,047465
ysn_047365,神奈川県,相模原市,ysn,047365
ysn_047400,神奈川県,横須賀市,ysn,047400
ysn_047438,神奈川県,横須賀市,ysn,047438
ysn_047415,神奈川県,横須賀市,ysn,047415
ysn_047414,神奈川県,平塚市,ysn,047414
ysn_047492,神奈川県,平塚市,ysn,047492
ysn_047501,神奈川県,鎌倉市,ysn,047501
ysn_047399,神奈川県,鎌倉市,ysn,047399
ysn_047476,神奈川県,藤沢市,ysn,047476
ysn_047475,神奈川県,藤沢市,ysn,047475
ysn_047426,神奈川県,藤沢市,ysn,047426
ysn_047461,神奈川県,藤沢市,ysn,047461
ysn_047427,神奈川県,藤沢市,ysn,047427
ysn_047452,神奈川県,小田原市,ysn,047452
ysn_047412,神奈川県,小田原市,ysn,047412
ysn_047494,神奈川県,茅ヶ崎市,ysn,047494
ysn_047488,神奈川県,茅ヶ崎市,ysn,047488
ysn_047440,神奈川県,秦野市,ysn,047440
ysn_047456,神奈川県,厚木市,ysn,047456
ysn_047429,神奈川県,厚木市,ysn,047429
ysn_047410,神奈川県,厚木市,ysn,047410
ysn_047363,神奈川県,厚木市,ysn,047363
ysn_047458,神奈川県,大和市,ysn,047458
ysn_047875,神奈川県,伊勢原市,ysn,047875
ysn_047474,神奈川県,海老名市,ysn,047474
ysn_047878,神奈川県,海老名市,ysn,047878
ysn_047496,神奈川県,座間市,ysn,047496
ysn_047394,神奈川県,座間市,ysn,047394
ysn_047433,神奈川県,綾瀬市,ysn,047433
ysn_047460,神奈川県,高座郡,ysn,047460
ysn_047479,神奈川県,足柄上郡,ysn,047479
ysn_046628,新潟県,新潟市,ysn,046628
ysn_046857,新潟県,新潟市,ysn,046857
ysn_046957,新潟県,新潟市,ysn,046957
ysn_046930,新潟県,新潟市,ysn,046930
ysn_046856,新潟県,新潟市,ysn,046856
ysn_046925,新潟県,新潟市,ysn,046925
ysn_046860,新潟県,新潟市,ysn,046860
ysn_046973,新潟県,長岡市,ysn,046973
ysn_046859,新潟県,長岡市,ysn,046859
ysn_046941,新潟県,長岡市,ysn,046941
ysn_046858,新潟県,三条市,ysn,046858
ysn_046922,新潟県,新発田市,ysn,046922
ysn_046861,新潟県,上越市,ysn,046861
ysn_046937,新潟県,佐渡市,ysn,046937
ysn_043918,富山県,富山市,ysn,043918
ysn_043912,富山県,富山市,ysn,043912
ysn_043916,富山県,富山市,ysn,043916
ysn_043958,富山県,富山市,ysn,043958
ysn_043924,富山県,富山市,ysn,043924
ysn_043910,富山県,富山市,ysn,043910
ysn_043971,富山県,高岡市,ysn,043971
ysn_043923,富山県,高岡市,ysn,043923
ysn_043920,富山県,魚津市,ysn,043920
ysn_043917,富山県,砺波市,ysn,043917
ysn_043955,石川県,金沢市,ysn,043955
ysn_043921,石川県,金沢市,ysn,043921
ysn_043939,石川県,金沢市,ysn,043939
ysn_045718,石川県,金沢市,ysn,045718
ysn_043922,石川県,金沢市,ysn,043922
ysn_043925,石川県,金沢市,ysn,043925
ysn_043911,石川県,金沢市,ysn,043911
ysn_043801,石川県,小松市,ysn,043801
ysn_043800,石川県,加賀市,ysn,043800
ysn_043913,石川県,白山市,ysn,043913
ysn_043919,石川県,野々市市,ysn,043919
ysn_043950,福井県,福井市,ysn,043950
ysn_045703,福井県,福井市,ysn,045703
ysn_045715,福井県,福井市,ysn,045715
ysn_045711,福井県,福井市,ysn,045711
ysn_045710,福井県,敦賀市,ysn,045710
ysn_043954,福井県,鯖江市,ysn,043954
ysn_045714,福井県,越前市,ysn,045714
ysn_047204,山梨県,甲府市,ysn,047204
ysn_047903,山梨県,甲府市,ysn,047903
ysn_047203,山梨県,甲府市,ysn,047203
ysn_047205,山梨県,南アルプス市,ysn,047205
ysn_047202,山梨県,甲斐市,ysn,047202
ysn_043902,長野県,長野市,ysn,043902
ysn_043820,長野県,長野市,ysn,043820
ysn_043821,長野県,松本市,ysn,043821
ysn_043822,長野県,上田市,ysn,043822
ysn_043953,長野県,飯田市,ysn,043953
ysn_047956,長野県,飯田市,ysn,047956
ysn_043964,長野県,茅野市,ysn,043964
ysn_043819,長野県,塩尻市,ysn,043819
ysn_043818,長野県,佐久市,ysn,043818
ysn_043649,岐阜県,岐阜市,ysn,043649
ysn_043607,岐阜県,岐阜市,ysn,043607
ysn_043804,岐阜県,岐阜市,ysn,043804
ysn_043946,岐阜県,岐阜市,ysn,043946
ysn_043812,岐阜県,岐阜市,ysn,043812
ysn_043811,岐阜県,岐阜市,ysn,043811
ysn_043805,岐阜県,大垣市,ysn,043805
ysn_043619,岐阜県,大垣市,ysn,043619
ysn_043813,岐阜県,高山市,ysn,043813
ysn_043816,岐阜県,多治見市,ysn,043816
ysn_043817,岐阜県,瑞浪市,ysn,043817
ysn_043966,岐阜県,瑞浪市,ysn,043966
ysn_043803,岐阜県,羽島市,ysn,043803
ysn_043636,岐阜県,恵那市,ysn,043636
ysn_043809,岐阜県,美濃加茂市,ysn,043809
ysn_043810,岐阜県,各務原市,ysn,043810
ysn_043806,岐阜県,各務原市,ysn,043806
ysn_043643,岐阜県,可児市,ysn,043643
ysn_043645,岐阜県,瑞穂市,ysn,043645
ysn_043959,岐阜県,郡上市,ysn,043959
ysn_043648,岐阜県,羽島郡,ysn,043648
ysn_043802,岐阜県,不破郡,ysn,043802
ysn_043932,静岡県,静岡市,ysn,043932
ysn_043974,静岡県,静岡市,ysn,043974
ysn_043934,静岡県,静岡市,ysn,043934
ysn_043909,静岡県,静岡市,ysn,043909
ysn_043927,静岡県,静岡市,ysn,043927
ysn_043938,静岡県,静岡市,ysn,043938
ysn_043962,静岡県,静岡市,ysn,043962
ysn_043967,静岡県,浜松市,ysn,043967
ysn_043905,静岡県,浜松市,ysn,043905
ysn_043957,静岡県,浜松市,ysn,043957
hnmr_045620,静岡県,浜松市,hnmr,045620
ysn_043906,静岡県,浜松市,ysn,043906
ysn_043903,静岡県,浜松市,ysn,043903
ysn_043904,静岡県,浜松市,ysn,043904
ysn_043960,静岡県,浜松市,ysn,043960
ysn_043935,静岡県,沼津市,ysn,043935
ysn_043936,静岡県,沼津市,ysn,043936
ysn_043945,静岡県,伊東市,ysn,043945
ysn_043823,静岡県,島田市,ysn,043823
ysn_045610,静岡県,富士市,ysn,045610
ysn_045608,静岡県,富士市,ysn,045608
ysn_043963,静岡県,磐田市,ysn,043963
ysn_043975,静岡県,焼津市,ysn,043975
ysn_043968,静岡県,掛川市,ysn,043968
ysn_043969,静岡県,掛川市,ysn,043969
ysn_043937,静岡県,掛川市,ysn,043937
ysn_043973,静岡県,藤枝市,ysn,043973
ysn_043942,静岡県,袋井市,ysn,043942
ysn_043943,静岡県,伊豆の国市,ysn,043943
ysn_045601,静岡県,田方郡,ysn,045601
ysn_043944,静岡県,駿東郡,ysn,043944
ysn_045360,静岡県,駿東郡,ysn,045360
ysn_043878,愛知県,名古屋市,ysn,043878
ysn_043829,愛知県,名古屋市,ysn,043829
ysn_043837,愛知県,名古屋市,ysn,043837
ysn_043881,愛知県,名古屋市,ysn,043881
ysn_043831,愛知県,名古屋市,ysn,043831
ysn_043833,愛知県,名古屋市,ysn,043833
ysn_043834,愛知県,名古屋市,ysn,043834
ysn_043897,愛知県,名古屋市,ysn,043897
ysn_043839,愛知県,名古屋市,ysn,043839
ysn_043841,愛知県,名古屋市,ysn,043841
ysn_043836,愛知県,名古屋市,ysn,043836
ysn_043830,愛知県,名古屋市,ysn,043830
ysn_043840,愛知県,名古屋市,ysn,043840
ysn_043972,愛知県,名古屋市,ysn,043972
ysn_043827,愛知県,名古屋市,ysn,043827
ysn_043828,愛知県,名古屋市,ysn,043828
ysn_043835,愛知県,名古屋市,ysn,043835
ysn_043832,愛知県,名古屋市,ysn,043832
ysn_043941,愛知県,名古屋市,ysn,043941
ysn_043843,愛知県,名古屋市,ysn,043843
ysn_043855,愛知県,名古屋市,ysn,043855
ysn_043847,愛知県,名古屋市,ysn,043847
ysn_043848,愛知県,名古屋市,ysn,043848
ysn_043838,愛知県,名古屋市,ysn,043838
ysn_043896,愛知県,名古屋市,ysn,043896
ysn_043900,愛知県,名古屋市,ysn,043900
ysn_043898,愛知県,名古屋市,ysn,043898
ysn_043956,愛知県,名古屋市,ysn,043956
ysn_043895,愛知県,名古屋市,ysn,043895
ysn_043844,愛知県,名古屋市,ysn,043844
ysn_043852,愛知県,名古屋市,ysn,043852
ysn_043815,愛知県,名古屋市,ysn,043815
ysn_043883,愛知県,名古屋市,ysn,043883
ysn_043965,愛知県,名古屋市,ysn,043965
ysn_043949,愛知県,名古屋市,ysn,043949
ysn_043851,愛知県,名古屋市,ysn,043851
ysn_043879,愛知県,名古屋市,ysn,043879
ysn_043853,愛知県,名古屋市,ysn,043853
ysn_043845,愛知県,名古屋市,ysn,043845
ysn_043846,愛知県,名古屋市,ysn,043846
ysn_043876,愛知県,豊橋市,ysn,043876
ysn_043877,愛知県,豊橋市,ysn,043877
ysn_043873,愛知県,豊橋市,ysn,043873
ysn_043872,愛知県,岡崎市,ysn,043872
ysn_043605,愛知県,岡崎市,ysn,043605
ysn_043951,愛知県,岡崎市,ysn,043951
ysn_043871,愛知県,岡崎市,ysn,043871
ysn_043889,愛知県,一宮市,ysn,043889
ysn_043952,愛知県,一宮市,ysn,043952
ysn_043894,愛知県,一宮市,ysn,043894
ysn_043888,愛知県,一宮市,ysn,043888
ysn_043850,愛知県,半田市,ysn,043850
ysn_043886,愛知県,春日井市,ysn,043886
ysn_043620,愛知県,春日井市,ysn,043620
ysn_043880,愛知県,春日井市,ysn,043880
ysn_043874,愛知県,豊川市,ysn,043874
ysn_043869,愛知県,豊川市,ysn,043869
ysn_043870,愛知県,豊川市,ysn,043870
ysn_043908,愛知県,津島市,ysn,043908
ysn_043613,愛知県,刈谷市,ysn,043613
ysn_043610,愛知県,豊田市,ysn,043610
ysn_043618,愛知県,豊田市,ysn,043618
ysn_043606,愛知県,安城市,ysn,043606
hnmr_043650,愛知県,安城市,hnmr,043650
ysn_043633,愛知県,西尾市,ysn,043633
ysn_043875,愛知県,蒲郡市,ysn,043875
ysn_043808,愛知県,犬山市,ysn,043808
ysn_043824,愛知県,常滑市,ysn,043824
ysn_043638,愛知県,江南市,ysn,043638
ysn_043882,愛知県,小牧市,ysn,043882
ysn_043948,愛知県,小牧市,ysn,043948
ysn_043890,愛知県,稲沢市,ysn,043890
ysn_043892,愛知県,稲沢市,ysn,043892
ysn_043614,愛知県,東海市,ysn,043614
ysn_043930,愛知県,大府市,ysn,043930
ysn_043929,愛知県,知多市,ysn,043929
ysn_043868,愛知県,知立市,ysn,043868
ysn_043885,愛知県,尾張旭市,ysn,043885
ysn_043887,愛知県,尾張旭市,ysn,043887
ysn_043854,愛知県,高浜市,ysn,043854
ysn_043893,愛知県,岩倉市,ysn,043893
ysn_043608,愛知県,豊明市,ysn,043608
ysn_043849,愛知県,豊明市,ysn,043849
ysn_043907,愛知県,北名古屋市,ysn,043907
ysn_043891,愛知県,北名古屋市,ysn,043891
ysn_043825,愛知県,あま市,ysn,043825
ysn_043933,愛知県,長久手市,ysn,043933
ysn_043641,愛知県,愛知郡,ysn,043641
ysn_043928,愛知県,海部郡,ysn,043928
ysn_043859,三重県,津市,ysn,043859
ysn_043867,三重県,津市,ysn,043867
ysn_043865,三重県,津市,ysn,043865
ysn_043856,三重県,四日市市,ysn,043856
ysn_043961,三重県,四日市市,ysn,043961
ysn_043863,三重県,伊勢市,ysn,043863
ysn_043970,三重県,松阪市,ysn,043970
ysn_043866,三重県,松阪市,ysn,043866
ysn_043857,三重県,桑名市,ysn,043857
ysn_043864,三重県,桑名市,ysn,043864
ysn_043858,三重県,鈴鹿市,ysn,043858
ysn_043860,三重県,鈴鹿市,ysn,043860
ysn_043826,三重県,名張市,ysn,043826
ysn_043861,三重県,亀山市,ysn,043861
ysn_043947,三重県,伊賀市,ysn,043947
ysn_043862,三重県,三重郡,ysn,043862
ysn_042436,滋賀県,大津市,ysn,042436
ysn_042508,滋賀県,大津市,ysn,042508
ysn_042381,滋賀県,彦根市,ysn,042381
ysn_042446,滋賀県,長浜市,ysn,042446
ysn_062361,滋賀県,近江八幡市,ysn,062361
ysn_042380,滋賀県,草津市,ysn,042380
ysn_042414,滋賀県,栗東市,ysn,042414
ysn_062353,滋賀県,甲賀市,ysn,062353
ysn_042503,滋賀県,野洲市,ysn,042503
ysn_042501,滋賀県,湖南市,ysn,042501
ysn_042571,滋賀県,東近江市,ysn,042571
ysn_042488,滋賀県,愛知郡,ysn,042488
ysn_062313,京都府,京都市,ysn,062313
ysn_042548,京都府,京都市,ysn,042548
ysn_042348,京都府,京都市,ysn,042348
ysn_062336,京都府,京都市,ysn,062336
ysn_042491,京都府,京都市,ysn,042491
ysn_042388,京都府,京都市,ysn,042388
ysn_042444,京都府,京都市,ysn,042444
ysn_042509,京都府,京都市,ysn,042509
ysn_042382,京都府,京都市,ysn,042382
ysn_062338,京都府,京都市,ysn,062338
ysn_042496,京都府,京都市,ysn,042496
ysn_042645,京都府,京都市,ysn,042645
ysn_042502,京都府,京都市,ysn,042502
ysn_042578,京都府,京都市,ysn,042578
ysn_042505,京都府,京都市,ysn,042505
ysn_042515,京都府,京都市,ysn,042515
ysn_062367,京都府,京都市,ysn,062367
ysn_042525,京都府,福知山市,ysn,042525
ysn_042526,京都府,舞鶴市,ysn,042526
ysn_062372,京都府,宇治市,ysn,062372
ysn_062352,京都府,亀岡市,ysn,062352
ysn_062355,京都府,八幡市,ysn,062355
ysn_042447,京都府,乙訓郡,ysn,042447
ysn_062354,京都府,久世郡,ysn,062354
ysn_042362,大阪府,大阪市,ysn,042362
ysn_042489,大阪府,大阪市,ysn,042489
ysn_042332,大阪府,大阪市,ysn,042332
ysn_042568,大阪府,大阪市,ysn,042568
ysn_042596,大阪府,大阪市,ysn,042596
ysn_042331,大阪府,大阪市,ysn,042331
ysn_042338,大阪府,大阪市,ysn,042338
ysn_042337,大阪府,大阪市,ysn,042337
ysn_042518,大阪府,大阪市,ysn,042518
ysn_042326,大阪府,大阪市,ysn,042326
ysn_042355,大阪府,大阪市,ysn,042355
ysn_042413,大阪府,大阪市,ysn,042413
ysn_042435,大阪府,大阪市,ysn,042435
ysn_042408,大阪府,大阪市,ysn,042408
ysn_042499,大阪府,大阪市,ysn,042499
ysn_042475,大阪府,大阪市,ysn,042475
ysn_042330,大阪府,大阪市,ysn,042330
ysn_062328,大阪府,大阪市,ysn,062328
ysn_042454,大阪府,大阪市,ysn,042454
ysn_042427,大阪府,大阪市,ysn,042427
ysn_042589,大阪府,大阪市,ysn,042589
ysn_042425,大阪府,大阪市,ysn,042425
ysn_062360,大阪府,大阪市,ysn,062360
ysn_042597,大阪府,大阪市,ysn,042597
ysn_062301,大阪府,大阪市,ysn,062301
ysn_042339,大阪府,大阪市,ysn,042339
ysn_062339,大阪府,大阪市,ysn,062339
ysn_042324,大阪府,大阪市,ysn,042324
ysn_042415,大阪府,大阪市,ysn,042415
ysn_042476,大阪府,大阪市,ysn,042476
ysn_042462,大阪府,大阪市,ysn,042462
ysn_062302,大阪府,大阪市,ysn,062302
ysn_042440,大阪府,大阪市,ysn,042440
ysn_042510,大阪府,大阪市,ysn,042510
ysn_062356,大阪府,大阪市,ysn,062356
ysn_042519,大阪府,大阪市,ysn,042519
ysn_042395,大阪府,大阪市,ysn,042395
ysn_042538,大阪府,大阪市,ysn,042538
ysn_042423,大阪府,大阪市,ysn,042423
ysn_042347,大阪府,大阪市,ysn,042347
ysn_042511,大阪府,大阪市,ysn,042511
ysn_062323,大阪府,大阪市,ysn,062323
ysn_042311,大阪府,大阪市,ysn,042311
ysn_062357,大阪府,大阪市,ysn,062357
ysn_042465,大阪府,大阪市,ysn,042465
ysn_042463,大阪府,大阪市,ysn,042463
ysn_042400,大阪府,大阪市,ysn,042400
ysn_042659,大阪府,大阪市,ysn,042659
ysn_062348,大阪府,大阪市,ysn,062348
ysn_042471,大阪府,大阪市,ysn,042471
ysn_042484,大阪府,大阪市,ysn,042484
ysn_042314,大阪府,大阪市,ysn,042314
ysn_042317,大阪府,大阪市,ysn,042317
hnmr_042671,大阪府,大阪市,hnmr,042671
ysn_042573,大阪府,大阪市,ysn,042573
ysn_042316,大阪府,大阪市,ysn,042316
ysn_042532,大阪府,堺市,ysn,042532
ysn_042369,大阪府,堺市,ysn,042369
ysn_042377,大阪府,堺市,ysn,042377
ysn_062362,大阪府,堺市,ysn,062362
ysn_042383,大阪府,堺市,ysn,042383
ysn_042472,大阪府,堺市,ysn,042472
ysn_042378,大阪府,堺市,ysn,042378
ysn_042412,大阪府,堺市,ysn,042412
ysn_042536,大阪府,堺市,ysn,042536
ysn_042528,大阪府,岸和田市,ysn,042528
ysn_042512,大阪府,岸和田市,ysn,042512
ysn_062350,大阪府,岸和田市,ysn,062350
ysn_042409,大阪府,豊中市,ysn,042409
ysn_042478,大阪府,豊中市,ysn,042478
ysn_042431,大阪府,豊中市,ysn,042431
ysn_062349,大阪府,吹田市,ysn,062349
ysn_062365,大阪府,吹田市,ysn,062365
ysn_062335,大阪府,吹田市,ysn,062335
ysn_062340,大阪府,吹田市,ysn,062340
ysn_042357,大阪府,泉大津市,ysn,042357
ysn_042346,大阪府,高槻市,ysn,042346
ysn_042580,大阪府,高槻市,ysn,042580
ysn_042458,大阪府,高槻市,ysn,042458
ysn_042477,大阪府,貝塚市,ysn,042477
ysn_062363,大阪府,貝塚市,ysn,062363
ysn_042343,大阪府,守口市,ysn,042343
ysn_042650,大阪府,守口市,ysn,042650
ysn_042421,大阪府,枚方市,ysn,042421
ysn_042365,大阪府,枚方市,ysn,042365
ysn_062330,大阪府,枚方市,ysn,062330
ysn_042374,大阪府,枚方市,ysn,042374
ysn_042590,大阪府,枚方市,ysn,042590
ysn_042492,大阪府,茨木市,ysn,042492
ysn_062366,大阪府,茨木市,ysn,062366
ysn_042397,大阪府,茨木市,ysn,042397
ysn_042453,大阪府,八尾市,ysn,042453
ysn_042345,大阪府,八尾市,ysn,042345
ysn_042399,大阪府,八尾市,ysn,042399
ysn_062347,大阪府,八尾市,ysn,062347
ysn_042358,大阪府,泉佐野市,ysn,042358
ysn_042359,大阪府,富田林市,ysn,042359
ysn_062334,大阪府,寝屋川市,ysn,062334
ysn_042533,大阪府,寝屋川市,ysn,042533
ysn_062331,大阪府,寝屋川市,ysn,062331
ysn_062321,大阪府,河内長野市,ysn,062321
ysn_042402,大阪府,松原市,ysn,042402
ysn_042387,大阪府,松原市,ysn,042387
ysn_062310,大阪府,和泉市,ysn,062310
ysn_062341,大阪府,箕面市,ysn,062341
ysn_042386,大阪府,箕面市,ysn,042386
ysn_042559,大阪府,羽曳野市,ysn,042559
ysn_062315,大阪府,羽曳野市,ysn,062315
ysn_062329,大阪府,門真市,ysn,062329
ysn_042587,大阪府,門真市,ysn,042587
ysn_042460,大阪府,摂津市,ysn,042460
ysn_042450,大阪府,摂津市,ysn,042450
ysn_042418,大阪府,摂津市,ysn,042418
ysn_042363,大阪府,藤井寺市,ysn,042363
ysn_062307,大阪府,東大阪市,ysn,062307
ysn_062342,大阪府,東大阪市,ysn,062342
ysn_042504,大阪府,東大阪市,ysn,042504
ysn_042527,大阪府,東大阪市,ysn,042527
ysn_042523,大阪府,東大阪市,ysn,042523
ysn_042350,大阪府,東大阪市,ysn,042350
ysn_062322,大阪府,東大阪市,ysn,062322
ysn_042422,大阪府,東大阪市,ysn,042422
ysn_042439,大阪府,東大阪市,ysn,042439
ysn_042403,大阪府,大阪狭山市,ysn,042403
ysn_042495,大阪府,阪南市,ysn,042495
ysn_042405,兵庫県,神戸市,ysn,042405
ysn_042550,兵庫県,神戸市,ysn,042550
ysn_062343,兵庫県,神戸市,ysn,062343
ysn_042569,兵庫県,神戸市,ysn,042569
ysn_042593,兵庫県,神戸市,ysn,042593
ysn_042481,兵庫県,神戸市,ysn,042481
ysn_062337,兵庫県,神戸市,ysn,062337
ysn_042570,兵庫県,神戸市,ysn,042570
ysn_062311,兵庫県,神戸市,ysn,062311
ysn_042552,兵庫県,神戸市,ysn,042552
ysn_042543,兵庫県,神戸市,ysn,042543
ysn_062369,兵庫県,神戸市,ysn,062369
ysn_042494,兵庫県,神戸市,ysn,042494
ysn_042327,兵庫県,神戸市,ysn,042327
ysn_042535,兵庫県,神戸市,ysn,042535
ysn_042545,兵庫県,神戸市,ysn,042545
ysn_042493,兵庫県,神戸市,ysn,042493
ysn_042474,兵庫県,姫路市,ysn,042474
ysn_042452,兵庫県,姫路市,ysn,042452
ysn_042367,兵庫県,姫路市,ysn,042367
hnmr_042670,兵庫県,姫路市,hnmr,042670
ysn_042375,兵庫県,姫路市,ysn,042375
ysn_042368,兵庫県,姫路市,ysn,042368
ysn_062346,兵庫県,姫路市,ysn,062346
ysn_042490,兵庫県,尼崎市,ysn,042490
ysn_042390,兵庫県,尼崎市,ysn,042390
ysn_042482,兵庫県,尼崎市,ysn,042482
ysn_042628,兵庫県,尼崎市,ysn,042628
ysn_062304,兵庫県,尼崎市,ysn,062304
ysn_042544,兵庫県,明石市,ysn,042544
ysn_062344,兵庫県,明石市,ysn,062344
ysn_042507,兵庫県,明石市,ysn,042507
ysn_042364,兵庫県,明石市,ysn,042364
ysn_042566,兵庫県,明石市,ysn,042566
ysn_042379,兵庫県,西宮市,ysn,042379
ysn_042329,兵庫県,西宮市,ysn,042329
ysn_062371,兵庫県,西宮市,ysn,062371
ysn_042417,兵庫県,西宮市,ysn,042417
ysn_042360,兵庫県,伊丹市,ysn,042360
ysn_062308,兵庫県,伊丹市,ysn,062308
ysn_042480,兵庫県,豊岡市,ysn,042480
ysn_042372,兵庫県,加古川市,ysn,042372
ysn_042469,兵庫県,加古川市,ysn,042469
ysn_042562,兵庫県,加古川市,ysn,042562
ysn_042485,兵庫県,宝塚市,ysn,042485
ysn_042655,兵庫県,宝塚市,ysn,042655
ysn_062358,兵庫県,宝塚市,ysn,062358
ysn_042433,兵庫県,川西市,ysn,042433
ysn_042529,兵庫県,川西市,ysn,042529
ysn_042442,兵庫県,三田市,ysn,042442
ysn_062327,兵庫県,南あわじ市,ysn,062327
ysn_042497,兵庫県,加東市,ysn,042497
ysn_062306,兵庫県,たつの市,ysn,062306
ysn_042371,兵庫県,加古郡,ysn,042371
ysn_062373,奈良県,天理市,ysn,062373
ysn_042451,奈良県,奈良市,ysn,042451
ysn_042401,奈良県,奈良市,ysn,042401
ysn_062314,奈良県,奈良市,ysn,062314
ysn_042370,奈良県,大和高田市,ysn,042370
ysn_062364,奈良県,大和郡山市,ysn,062364
ysn_042574,奈良県,桜井市,ysn,042574
ysn_042537,奈良県,生駒市,ysn,042537
ysn_042549,奈良県,生駒市,ysn,042549
ysn_042468,奈良県,香芝市,ysn,042468
ysn_042588,奈良県,葛城市,ysn,042588
ysn_042376,奈良県,生駒郡,ysn,042376
ysn_042392,奈良県,磯城郡,ysn,042392
ysn_042583,奈良県,北葛城郡,ysn,042583
ysn_062351,奈良県,北葛城郡,ysn,062351
ysn_042557,奈良県,北葛城郡,ysn,042557
ysn_042389,和歌山県,和歌山市,ysn,042389
ysn_042404,和歌山県,和歌山市,ysn,042404
ysn_042391,和歌山県,和歌山市,ysn,042391
ysn_042473,和歌山県,和歌山市,ysn,042473
ysn_042487,和歌山県,橋本市,ysn,042487
ysn_042521,和歌山県,御坊市,ysn,042521
ysn_042524,和歌山県,田辺市,ysn,042524
ysn_042448,和歌山県,岩出市,ysn,042448
ysn_044809,鳥取県,鳥取市,ysn,044809
ysn_042558,鳥取県,米子市,ysn,042558
ysn_042642,鳥取県,米子市,ysn,042642
ysn_044820,島根県,松江市,ysn,044820
ysn_044841,島根県,松江市,ysn,044841
ysn_042718,島根県,出雲市,ysn,042718
ysn_044800,岡山県,岡山市,ysn,044800
ysn_044802,岡山県,岡山市,ysn,044802
ysn_044863,岡山県,岡山市,ysn,044863
ysn_044808,岡山県,岡山市,ysn,044808
ysn_044801,岡山県,岡山市,ysn,044801
ysn_044803,岡山県,岡山市,ysn,044803
ysn_044805,岡山県,岡山市,ysn,044805
ysn_044804,岡山県,岡山市,ysn,044804
ysn_044807,岡山県,岡山市,ysn,044807
hnmr_042672,岡山県,倉敷市,hnmr,042672
ysn_044811,岡山県,倉敷市,ysn,044811
ysn_044852,岡山県,倉敷市,ysn,044852
ysn_044817,岡山県,倉敷市,ysn,044817
ysn_044806,岡山県,津山市,ysn,044806
ysn_044815,岡山県,総社市,ysn,044815
ysn_044812,岡山県,都窪郡,ysn,044812
ysn_062513,広島県,広島市,ysn,062513
ysn_062514,広島県,広島市,ysn,062514
ysn_044855,広島県,広島市,ysn,044855
ysn_042624,広島県,広島市,ysn,042624
ysn_044859,広島県,広島市,ysn,044859
ysn_042638,広島県,広島市,ysn,042638
ysn_042657,広島県,広島市,ysn,042657
ysn_042647,広島県,広島市,ysn,042647
ysn_042579,広島県,広島市,ysn,042579
ysn_042632,広島県,広島市,ysn,042632
ysn_042625,広島県,広島市,ysn,042625
ysn_062510,広島県,福山市,ysn,062510
ysn_062511,広島県,福山市,ysn,062511
ysn_062509,広島県,福山市,ysn,062509
ysn_044858,広島県,東広島市,ysn,044858
ysn_044860,広島県,廿日市市,ysn,044860
ysn_044864,広島県,安芸郡,ysn,044864
ysn_042636,山口県,下関市,ysn,042636
ysn_044825,山口県,下関市,ysn,044825
ysn_044814,山口県,宇部市,ysn,044814
ysn_044862,山口県,防府市,ysn,044862
ysn_044818,山口県,防府市,ysn,044818
ysn_044816,山口県,防府市,ysn,044816
ysn_042707,山口県,下松市,ysn,042707
ysn_044813,山口県,周南市,ysn,044813
ysn_042811,徳島県,徳島市,ysn,042811
ysn_042704,徳島県,徳島市,ysn,042704
ysn_042810,徳島県,徳島市,ysn,042810
ysn_042806,徳島県,板野郡,ysn,042806
ysn_042813,香川県,高松市,ysn,042813
ysn_042815,香川県,高松市,ysn,042815
ysn_042818,香川県,高松市,ysn,042818
ysn_042821,香川県,高松市,ysn,042821
ysn_042814,香川県,高松市,ysn,042814
ysn_042819,香川県,高松市,ysn,042819
ysn_042820,香川県,丸亀市,ysn,042820
ysn_042816,香川県,坂出市,ysn,042816
hnmr_042729,香川県,観音寺市,hnmr,042729
ysn_042817,香川県,綾歌郡,ysn,042817
ysn_042804,愛媛県,松山市,ysn,042804
ysn_042805,愛媛県,松山市,ysn,042805
ysn_042705,愛媛県,松山市,ysn,042705
ysn_042801,愛媛県,松山市,ysn,042801
ysn_042803,愛媛県,松山市,ysn,042803
ysn_042802,愛媛県,松山市,ysn,042802
ysn_062586,愛媛県,松山市,ysn,062586
ysn_042720,愛媛県,今治市,ysn,042720
ysn_042809,愛媛県,新居浜市,ysn,042809
ysn_042807,愛媛県,新居浜市,ysn,042807
ysn_042808,愛媛県,西条市,ysn,042808
ysn_042800,愛媛県,伊予郡,ysn,042800
ysn_044845,福岡県,北九州市,ysn,044845
ysn_044823,福岡県,北九州市,ysn,044823
ysn_044822,福岡県,北九州市,ysn,044822
ysn_044821,福岡県,北九州市,ysn,044821
ysn_044609,福岡県,北九州市,ysn,044609
ysn_044631,福岡県,北九州市,ysn,044631
ysn_044844,福岡県,北九州市,ysn,044844
ysn_044610,福岡県,福岡市,ysn,044610
ysn_044857,福岡県,福岡市,ysn,044857
ysn_044851,福岡県,福岡市,ysn,044851
ysn_044849,福岡県,福岡市,ysn,044849
ysn_044622,福岡県,福岡市,ysn,044622
ysn_044625,福岡県,福岡市,ysn,044625
ysn_044644,福岡県,福岡市,ysn,044644
ysn_044626,福岡県,福岡市,ysn,044626
ysn_044842,福岡県,福岡市,ysn,044842
ysn_044648,福岡県,福岡市,ysn,044648
ysn_044861,福岡県,福岡市,ysn,044861
ysn_044639,福岡県,福岡市,ysn,044639
ysn_044630,福岡県,福岡市,ysn,044630
ysn_044723,福岡県,福岡市,ysn,044723
ysn_044635,福岡県,福岡市,ysn,044635
ysn_044605,福岡県,福岡市,ysn,044605
ysn_044607,福岡県,福岡市,ysn,044607
ysn_044646,福岡県,福岡市,ysn,044646
ysn_044608,福岡県,福岡市,ysn,044608
ysn_044606,福岡県,福岡市,ysn,044606
ysn_044829,福岡県,久留米市,ysn,044829
ysn_044618,福岡県,久留米市,ysn,044618
ysn_044632,福岡県,久留米市,ysn,044632
ysn_044846,福岡県,飯塚市,ysn,044846
ysn_044642,福岡県,春日市,ysn,044642
ysn_044703,福岡県,大野城市,ysn,044703
ysn_044827,福岡県,宗像市,ysn,044827
ysn_044627,福岡県,太宰府市,ysn,044627
ysn_044843,福岡県,那珂川市,ysn,044843
ysn_044721,福岡県,糟屋郡,ysn,044721
ysn_044847,福岡県,糟屋郡,ysn,044847
ysn_044616,佐賀県,佐賀市,ysn,044616
ysn_044339,佐賀県,佐賀市,ysn,044339
ysn_044309,佐賀県,佐賀市,ysn,044309
ysn_044338,佐賀県,唐津市,ysn,044338
ysn_044613,長崎県,長崎市,ysn,044613
ysn_044621,長崎県,長崎市,ysn,044621
ysn_044324,長崎県,佐世保市,ysn,044324
ysn_044323,長崎県,佐世保市,ysn,044323
ysn_044640,長崎県,諫早市,ysn,044640
ysn_044628,長崎県,大村市,ysn,044628
ysn_044834,熊本県,熊本市,ysn,044834
ysn_044702,熊本県,熊本市,ysn,044702
ysn_044832,熊本県,熊本市,ysn,044832
ysn_044833,熊本県,熊本市,ysn,044833
ysn_044836,熊本県,熊本市,ysn,044836
ysn_044716,熊本県,熊本市,ysn,044716
ysn_044831,熊本県,熊本市,ysn,044831
ysn_044835,熊本県,熊本市,ysn,044835
ysn_044718,熊本県,玉名郡,ysn,044718
ysn_044722,熊本県,菊池郡,ysn,044722
ysn_044712,大分県,大分市,ysn,044712
ysn_044715,大分県,大分市,ysn,044715
ysn_044619,大分県,大分市,ysn,044619
ysn_044612,大分県,別府市,ysn,044612
ysn_044824,大分県,中津市,ysn,044824
ysn_044705,宮崎県,宮崎市,ysn,044705
ysn_044848,宮崎県,宮崎市,ysn,044848
ysn_044853,宮崎県,宮崎市,ysn,044853
ysn_044709,宮崎県,都城市,ysn,044709
ysn_044839,宮崎県,延岡市,ysn,044839
ysn_044711,鹿児島県,鹿児島市,ysn,044711
ysn_044629,鹿児島県,鹿児島市,ysn,044629
ysn_044720,鹿児島県,鹿児島市,ysn,044720
ysn_044856,鹿児島県,鹿屋市,ysn,044856
ysn_044838,鹿児島県,霧島市,ysn,044838
ysn_059703,沖縄県,那覇市,ysn,059703
ysn_059711,沖縄県,那覇市,ysn,059711
ysn_059707,沖縄県,那覇市,ysn,059707
ysn_059709,沖縄県,那覇市,ysn,059709
ysn_059723,沖縄県,那覇市,ysn,059723
ysn_059701,沖縄県,宜野湾市,ysn,059701
ysn_059705,沖縄県,浦添市,ysn,059705
ysn_059719,沖縄県,浦添市,ysn,059719
ysn_059708,沖縄県,名護市,ysn,059708
ysn_059706,沖縄県,糸満市,ysn,059706
ysn_059718,沖縄県,沖縄市,ysn,059718
ysn_059710,沖縄県,沖縄市,ysn,059710
ysn_059714,沖縄県,うるま市,ysn,059714
ysn_059715,沖縄県,うるま市,ysn,059715
ysn_059724,沖縄県,宮古島市,ysn,059724
ysn_059722,沖縄県,中頭郡,ysn,059722
ysn_059721,沖縄県,島尻郡,ysn,059721
ysn_059720,沖縄県,島尻郡,ysn,059720
ysn_059713,沖縄県,島尻郡,ysn,059713
